<beans xmlns="http://www.springframework.org/schema/beans"
	xmlns:xsi="http://www.w3.org/2001/XMLSchema-instance" xmlns:context="http://www.springframework.org/schema/context"
	xmlns:p="http://www.springframework.org/schema/p" xmlns:tx="http://www.springframework.org/schema/tx"
	xmlns:jee="http://www.springframework.org/schema/jee" xmlns:oxm="http://www.springframework.org/schema/oxm"
	xmlns:aop="http://www.springframework.org/schema/aop"
	xsi:schemaLocation="
		http://www.springframework.org/schema/beans 
		http://www.springframework.org/schema/beans/spring-beans-3.2.xsd
		http://www.springframework.org/schema/context
			http://www.springframework.org/schema/context/spring-context-4.0.xsd
			http://www.springframework.org/schema/tx 
		    http://www.springframework.org/schema/tx/spring-tx-4.0.xsd
		    http://www.springframework.org/schema/jee
			http://www.springframework.org/schema/jee/spring-jee.xsd
			http://www.springframework.org/schema/oxm 
			http://www.springframework.org/schema/oxm/spring-oxm-3.0.xsd
			http://www.springframework.org/schema/aop 
   		http://www.springframework.org/schema/aop/spring-aop-3.0.xsd">

	<context:property-placeholder location="classpath:properties/${ENVIRONMENT}_tvs_config.properties" ignore-unresolvable="true"/>
	<context:component-scan base-package="com.cat.logistics.*" /> 		
	
	<bean id="entityManagerFactoryTVS" class="org.springframework.orm.jpa.LocalContainerEntityManagerFactoryBean">
        <property name="dataSource" ref="tvsDataSource" />
        <property name="persistenceUnitName" value="tvsUnit" />
        <property name="packagesToScan" >
	        <array>
	              <value>com.cat.tvsgrief.entities</value>
	        </array>
         </property>
        <property name="jpaVendorAdapter">
            <bean class="org.springframework.orm.jpa.vendor.HibernateJpaVendorAdapter">
            	<property name="showSql" value="true" />
                <property name="databasePlatform" value="org.hibernate.dialect.Oracle10gDialect" />
            </bean>
        </property>
        <property name="jpaDialect">
            <bean class="org.springframework.orm.jpa.vendor.HibernateJpaDialect"/>
        </property>
        </bean>
        
    <tx:annotation-driven transaction-manager="transactionManagerTVS"/>
       
      <bean id ="tvsDataSource" class="com.cat.tvsgrief.batch.datasource.TVSGriefDriverManagerDataSource">
		<property name="driverClassName" value="oracle.jdbc.driver.OracleDriver" />
		<property name="url" value="${TVS_URL}" />
		<property name="username" value="${TVS_USER}" />
		<property name="password" value="${TVS_PWD}" />
	</bean>
	
	<bean id="transactionManagerTVS" class="org.springframework.orm.jpa.JpaTransactionManager">
        <property name="entityManagerFactory" ref="entityManagerFactoryTVS" />
    </bean>
    
	
	
</beans>