<?xml version="1.0" encoding="UTF-8"?>
<beans xmlns="http://www.springframework.org/schema/beans"
	   xmlns:xsi="http://www.w3.org/2001/XMLSchema-instance"
	   xmlns:context="http://www.springframework.org/schema/context"
	   xmlns:p="http://www.springframework.org/schema/p"
	   xmlns:tx="http://www.springframework.org/schema/tx"
	   xmlns:jee="http://www.springframework.org/schema/jee"
	   xmlns:oxm="http://www.springframework.org/schema/oxm"
       xsi:schemaLocation="
       		http://www.springframework.org/schema/beans 
			http://www.springframework.org/schema/beans/spring-beans-4.0.xsd
			http://www.springframework.org/schema/context
			http://www.springframework.org/schema/context/spring-context-4.0.xsd
			http://www.springframework.org/schema/tx 
		    http://www.springframework.org/schema/tx/spring-tx-4.0.xsd
		    http://www.springframework.org/schema/jee
			http://www.springframework.org/schema/jee/spring-jee.xsd
			http://www.springframework.org/schema/oxm 
			http://www.springframework.org/schema/oxm/spring-oxm-3.0.xsd
	">  
	<context:property-placeholder location="classpath:properties/${ENVIRONMENT}_autoECCN_config.properties" ignore-unresolvable="true"/>
	<import resource="classpath:com/cat/logistics/logistics-service-application-context.xml" />
	<context:annotation-config />
	<context:component-scan base-package="com.cat.logistics.epa.job.impl.*" />
	
	<bean id="shpPopulator" class="com.cat.logistics.epa.populators.impl.ShpmntPopulator"></bean>
	<bean id="mailSender" class="com.cat.logistics.epa.mail.service.EmailSender"></bean>
	
	<bean id="epaJob" class="com.cat.logistics.epa.job.impl.EPAJob"></bean>
	<bean id="epaProcess" class="com.cat.logistics.epa.job.impl.EPAProcess"></bean>
	<bean id="tisService" class="com.cat.logistics.epa.tis.service.TISService"></bean>
	<bean id="errorMessageCreator" class="com.cat.logistics.epa.job.tvs.impl.ErrorMessageCreator"></bean>
	<bean id="machineReaderService" class="com.cat.logistics.epa.job.machineservice.MachineReaderService"></bean>
	<bean id="tvsErrorLogger" class="com.cat.logistics.epa.job.tvs.impl.TVSErrorLogger"></bean>
	<bean id="epaService" class="com.cat.logistics.epa.service.impl.EPAService"></bean>
	<bean id="fileReader" class="com.cat.logistics.epa.service.impl.FTPFileReceiver"></bean>
    <bean id="ftpClient" class="org.apache.commons.net.ftp.FTPClient"></bean>
	
	<bean id="eccnOut" class="com.cat.logistics.epa.service.impl.AutoECCNFileFilter"></bean>
	
	<bean id="javaMailSender" class="com.cat.logistics.epa.mail.service.encrypt.EpaBatchJavaMailSenderImpl">
		<property name="host" value="intramail.cis.cat.com" />
		<property name="password" value="${mailsender.key}"/>
		<property name="javaMailProperties">
            <props>
                <prop key="mail.transport.protocol">smtp</prop>
                <prop key="mail.smtp.auth">true</prop>
                <prop key="mail.smtp.starttls.enable">true</prop>
                <prop key="mail.debug">true</prop>
            </props>
        </property>
	</bean>
	
	 <bean id="storeErrorMessagesWebserviceTemplate" class="org.springframework.ws.client.core.WebServiceTemplate"
    p:marshaller-ref="jaxbMarshaller" p:unmarshaller-ref="jaxbMarshaller"
    p:defaultUri="https://n1mdpd01d1.ecorp.cat.com:7001/VWS/services/StoreErrorMessages">
    <constructor-arg ref="messageFactory" />
  </bean>
  
   <bean id="insertIncomingFileDataWebserviceTemplate" class="org.springframework.ws.client.core.WebServiceTemplate"
    p:marshaller-ref="jaxbMarshaller" p:unmarshaller-ref="jaxbMarshaller">
    <constructor-arg ref="messageFactory" />
  </bean>
  
  <oxm:jaxb2-marshaller id="jaxbMarshaller" contextPath="com.cat.transp.vws.oxm.websvc3:com.cat.transp.vws.oxm.websvc4:com.cat.transp.vws.oxm.websvc6:com.cat.transp.vws.oxm.websvc5" />
   <bean id="messageFactory" class="org.springframework.ws.soap.saaj.SaajSoapMessageFactory" />
	<bean id="testClass" class="com.cat.logistics.tvs.TestClass"></bean>	
	
	 <bean id="flFltrFctr" class="com.cat.logistics.epa.job.dto.FileFilterFactory">
		<property name="filterMap">
			<map>
				<entry key="ECCN_OUT">
					<ref bean="eccnOut" />
				</entry>
			</map>
		</property>
	</bean>
	
	<bean id="achDtls" class="com.cat.logistics.epa.job.dto.ECCNDetails">
		<property name="tmpFldrLocDly" value="${ECCN_FLDR_LOCATION}" />	
		<!-- <property name="mailSub" value="${BATCH_APP_BUSINESS_EMAIL_SUB}" />	
		<property name="mailCnt" value="${BATCH_APP_BUSINESS_EMAIL_CNT}" />	 -->
	</bean>
	
	<bean id="ftpHndlrMbAch" class="com.cat.logistics.epa.job.utils.FTPHandler">
		<constructor-arg type="java.lang.String" value="${FTP_HOST_NAME_SIMAILBOX_ACH}" />	
		<constructor-arg type="java.lang.String" value="${FTP_DIR_SIMAILBOX_ACH}" />
		<constructor-arg type="java.lang.String" value="${FTP_USER_NAME_SIMAILBOX_ACH}" />	
		<constructor-arg type="java.lang.String" value="${FTP_KEY_SIMAILBOX_ACH}" />
	</bean>
	
	
</beans>	 