<?xml version="1.0" encoding="UTF-8"?>
<beans xmlns="http://www.springframework.org/schema/beans"
	   xmlns:xsi="http://www.w3.org/2001/XMLSchema-instance"
	   xmlns:context="http://www.springframework.org/schema/context"
	   xmlns:p="http://www.springframework.org/schema/p"
	   xmlns:tx="http://www.springframework.org/schema/tx"
	   xmlns:jee="http://www.springframework.org/schema/jee"
	   xmlns:oxm="http://www.springframework.org/schema/oxm"
       xsi:schemaLocation="
       		http://www.springframework.org/schema/beans 
			http://www.springframework.org/schema/beans/spring-beans-4.0.xsd
			http://www.springframework.org/schema/context
			http://www.springframework.org/schema/context/spring-context-4.0.xsd
			http://www.springframework.org/schema/tx 
		    http://www.springframework.org/schema/tx/spring-tx-4.0.xsd
		    http://www.springframework.org/schema/jee
			http://www.springframework.org/schema/jee/spring-jee.xsd
			http://www.springframework.org/schema/oxm 
			http://www.springframework.org/schema/oxm/spring-oxm-3.0.xsd
	">  
	<context:property-placeholder location="classpath:properties/${ENVIRONMENT}_autoECCN_config.properties,classpath:properties/${ENVIRONMENT}_tvs_config.properties" ignore-unresolvable="true"/>
	
	<context:property-placeholder
		location="classpath:${ENVIRONMENT}_EPA_CONFIG.properties"
		ignore-unresolvable="true" />
		
	<import resource="logistics-service-main.xml" />
	<import resource="classpath:properties/applicationContext-tvs.xml" />
	<context:annotation-config />
	<context:component-scan base-package="com.cat.logistics.epa.*" />
	
	<bean id="epaJob" class="com.cat.logistics.epa.job.impl.EPAJob"></bean>
	<bean id="epaProcess" class="com.cat.logistics.epa.job.impl.EPAProcess"></bean>
	<bean id="tisService" class="com.cat.logistics.epa.tis.service.TISService"></bean>
	<bean id="epaService" class="com.cat.logistics.epa.service.impl.EPAService"></bean>
    <bean id="mailSender" class="com.cat.logistics.epa.mail.service.EmailSender"></bean>
	<bean id="enginePopulator" class="com.cat.logistics.epa.populators.impl.EnginePopulator"></bean>
	<bean id="shpPopulator" class="com.cat.logistics.epa.populators.impl.ShpmntPopulator"></bean>
	<bean id="machPopulator" class="com.cat.logistics.epa.populators.impl.MachPopulator"></bean>
	<bean id="engineCreateService" class="com.cat.logistics.epa.service.impl.EngineCreateService"></bean>
	<bean id="mchCreateService" class="com.cat.logistics.epa.service.impl.MachineCreateService"></bean>
	<bean id="errorMessageCreator" class="com.cat.logistics.epa.job.tvs.impl.ErrorMessageCreator"></bean>
	<bean id="tvsErrorLogger" class="com.cat.logistics.epa.job.tvs.impl.TVSErrorLogger"></bean>
	<bean id="machineReaderService" class="com.cat.logistics.epa.job.machineservice.MachineReaderService"></bean>
	<bean id="tVSGriefUtilityService" class="com.cat.tvsgrief.service.impl.TVSGriefUtilityService"></bean>
	<bean id="incmgMsgDAO" class="com.cat.tvsgrief.dao.impl.IncmgMsgDAO"></bean>
	<bean id="errorInfoDAO" class="com.cat.tvsgrief.dao.impl.GetErrorInfoDAO"></bean>
	
	 <bean id="insrtIncmgWSTemp" class="org.springframework.ws.client.core.WebServiceTemplate"
    p:marshaller-ref="jaxbMarshaller" p:unmarshaller-ref="jaxbMarshaller"
    p:defaultUri="https://n1mdpd01d1.ecorp.cat.com:7001/VWS/services/StoreIncomingFileData">
    <constructor-arg ref="messageFactory" />
  </bean>
	
	 <bean id="storeErrMsgWSTemp" class="org.springframework.ws.client.core.WebServiceTemplate"
    p:marshaller-ref="jaxbMarshaller" p:unmarshaller-ref="jaxbMarshaller"
    p:defaultUri="https://n1mdpd01d1.ecorp.cat.com:7001/VWS/services/StoreErrorMessages">
    <constructor-arg ref="messageFactory" />
  </bean>
  <oxm:jaxb2-marshaller id="jaxbMarshaller" contextPath="com.cat.transp.vws.oxm.websvc3:com.cat.transp.vws.oxm.websvc4:com.cat.transp.vws.oxm.websvc6:com.cat.transp.vws.oxm.websvc5" />
   <bean id="messageFactory" class="org.springframework.ws.soap.saaj.SaajSoapMessageFactory" />
   
  <bean id="javaMailSender" class="com.cat.logistics.epa.mail.service.encrypt.EpaBatchJavaMailSenderImpl">
		<property name="host" value="intramail.cis.cat.com" />
		<property name="password" value="${mailSender.key}"/>
		<property name="javaMailProperties">
            <props>
                <prop key="mail.transport.protocol">smtp</prop>
                <prop key="mail.smtp.auth">true</prop>
                <prop key="mail.smtp.starttls.enable">true</prop>
                <prop key="mail.debug">true</prop>
            </props>
        </property>
	</bean>
	
	
	
	<!-- commented for testing epabatch job<bean id="epaJob" class="com.cat.logistics.epa.job.impl.EPAJob"></bean>
	<bean id="epaDataRefresherJob" class="com.cat.logistics.epa.job.impl.EPADataRefresherJob"></bean>
	<bean id="htsJob" class="com.cat.logistics.epa.job.impl.HTSJob"></bean>
	<bean id="autoECCNUtilityJob" class="com.cat.logistics.epa.job.impl.AutoECCNUtiliyJob"></bean>
	<bean id="autoECCNCatClassJob" class="com.cat.logistics.epa.job.impl.AutoECCNCatClassJob"></bean>
	<bean id="epaProcess" class="com.cat.logistics.epa.job.impl.EPAProcess"></bean>
	<bean id="htsProcess" class="com.cat.logistics.epa.job.impl.HTSProcess"></bean>
	<bean id="autoECCNUtilityProcess" class="com.cat.logistics.epa.job.impl.AutoECCNUtiliyProcess"></bean>
	<bean id="autoECCNCatClassProcess" class="com.cat.logistics.epa.job.impl.AutoECCNCatClassProcess"></bean>
	<bean id="eccnService" class="com.cat.logistics.epa.service.impl.AutoEccnServiceImpl"></bean>
	<bean id="getSeqNumberDAO" class="com.cat.autoeccn.dao.impl.GetSeqNumberDAOImpl"></bean>
	<bean id="tisService" class="com.cat.logistics.epa.tis.service.TISService"></bean>
	<bean id="errorMessageCreator" class="com.cat.logistics.epa.job.tvs.impl.ErrorMessageCreator"></bean>
	<bean id="machineReaderService" class="com.cat.logistics.epa.job.machineservice.MachineReaderService"></bean>
	<bean id="tvsErrorLogger" class="com.cat.logistics.epa.job.tvs.impl.TVSErrorLogger"></bean>
	<bean id="epaService" class="com.cat.logistics.epa.service.impl.EPAService"></bean>
	<bean id="mailSender" class="com.cat.logistics.epa.mail.service.EmailSender"></bean>
	<bean id="engineCreateService" class="com.cat.logistics.epa.service.impl.EngineCreateService"></bean>
	<bean id="mchCreateService" class="com.cat.logistics.epa.service.impl.MachineCreateService"></bean>
	<bean id="fileReader" class="com.cat.logistics.epa.service.impl.FTPFileReceiver"></bean>
    <bean id="ftpClient" class="org.apache.commons.net.ftp.FTPClient"></bean>
    <bean id="autoEccnDTO" class="com.cat.logistics.epa.job.dto.AutoEccnDTO"></bean>
	
	<bean id="enginePopulator" class="com.cat.logistics.epa.populators.impl.EnginePopulator"></bean>
	<bean id="shpPopulator" class="com.cat.logistics.epa.populators.impl.ShpmntPopulator"></bean>
	<bean id="machPopulator" class="com.cat.logistics.epa.populators.impl.MachPopulator"></bean>
	
	<bean id="eccnOut" class="com.cat.logistics.epa.service.impl.AutoECCNFileFilter"></bean>
	
	<bean id="javaMailSender" class="org.springframework.mail.javamail.JavaMailSenderImpl">
		<property name="host" value="intramail.cis.cat.com" />
		<property name="password" value="EPA@GTC2015"/>
		<property name="javaMailProperties">
            <props>
                <prop key="mail.transport.protocol">smtp</prop>
                <prop key="mail.smtp.auth">true</prop>
                <prop key="mail.smtp.starttls.enable">true</prop>
                <prop key="mail.debug">true</prop>
            </props>
        </property>
	</bean>
	
	 <bean id="insrtIncmgWSTemp" class="org.springframework.ws.client.core.WebServiceTemplate"
    p:marshaller-ref="jaxbMarshaller" p:unmarshaller-ref="jaxbMarshaller"
    p:defaultUri="https://n1mdpd01d1.ecorp.cat.com:7001/VWS/services/StoreIncomingFileData">
    <constructor-arg ref="messageFactory" />
  </bean>
	
	 <bean id="storeErrMsgWSTemp" class="org.springframework.ws.client.core.WebServiceTemplate"
    p:marshaller-ref="jaxbMarshaller" p:unmarshaller-ref="jaxbMarshaller"
    p:defaultUri="https://n1mdpd01d1.ecorp.cat.com:7001/VWS/services/StoreErrorMessages">
    <constructor-arg ref="messageFactory" />
  </bean>
  <oxm:jaxb2-marshaller id="jaxbMarshaller" contextPath="com.cat.transp.vws.oxm.websvc3:com.cat.transp.vws.oxm.websvc4:com.cat.transp.vws.oxm.websvc6:com.cat.transp.vws.oxm.websvc5" />
   <bean id="messageFactory" class="org.springframework.ws.soap.saaj.SaajSoapMessageFactory" />
   
   <bean id="flFltrFctr" class="com.cat.logistics.epa.job.dto.FileFilterFactory">
		<property name="filterMap">
			<map>
				<entry key="ECCN_OUT">
					<ref bean="eccnOut" />
				</entry>
			</map>
		</property>
	</bean>
	
	<bean id="achDtls" class="com.cat.logistics.epa.job.dto.ECCNDetails">
		<property name="tmpFldrLocDly" value="${ECCN_FLDR_LOCATION}" />	
		<property name="mailSub" value="${BATCH_APP_BUSINESS_EMAIL_SUB}" />	
		<property name="mailCnt" value="${BATCH_APP_BUSINESS_EMAIL_CNT}" />	
	</bean>
   
  <bean id="ftpHndlrMbAch" class="com.cat.logistics.epa.job.utils.FTPHandler">
		<constructor-arg type="java.lang.String" value="${FTP_HOST_NAME_SIMAILBOX_ACH}" />	
		<constructor-arg type="java.lang.String" value="${FTP_DIR_SIMAILBOX_ACH}" />
		<constructor-arg type="java.lang.String" value="${FTP_USER_NAME_SIMAILBOX_ACH}" />	
		<constructor-arg type="java.lang.String" value="${FTP_PASSWORD_SIMAILBOX_ACH}" />
	</bean> -->
	
</beans>	 