<?xml version="1.0" encoding="UTF-8"?>
<beans xmlns="http://www.springframework.org/schema/beans"
	   xmlns:xsi="http://www.w3.org/2001/XMLSchema-instance"
	   xmlns:context="http://www.springframework.org/schema/context"
	   xmlns:p="http://www.springframework.org/schema/p"
	   xmlns:tx="http://www.springframework.org/schema/tx"
	   xmlns:jee="http://www.springframework.org/schema/jee"
	   xmlns:security="http://www.springframework.org/schema/security"  
       xsi:schemaLocation="
       		http://www.springframework.org/schema/beans 
			http://www.springframework.org/schema/beans/spring-beans-4.0.xsd
			http://www.springframework.org/schema/context
			http://www.springframework.org/schema/context/spring-context-4.0.xsd
			http://www.springframework.org/schema/security
    		http://www.springframework.org/schema/security/spring-security-3.2.xsd
	">
	
	<import resource="logistics-persistence-main.xml" />
	<!-- <context:property-placeholder location="EPA_SERVICE.properties" ignore-unresolvable="false"/>
	<context:annotation-config /> -->
	<bean id="applicationPropertiesPlaceholder"
            class="org.springframework.beans.factory.config.PropertyPlaceholderConfigurer">
            <property name="locations">
                <list>
                    <value>classpath*:EPA_SERVICE.properties</value>
                    <value>classpath:${ENVIRONMENT}_EPA_CONFIG.properties</value>
                </list>
            </property>
        </bean>
	
	<bean class="org.springframework.context.annotation.CommonAnnotationBeanPostProcessor" />

	<bean id="engineEmissionService" class="com.cat.logistics.epa.service.impl.EngineEmissionService" >
		<property name="url" value="${epa_emisssion_service_url}"/>
		<property name="userName" value="${epa_emission_service_userName}"/>
		<property name="password" value="${epa_emission_service_key}"/>
	</bean>
	
    <bean id="httpHeaders" class="org.springframework.http.HttpHeaders"/>
    <bean id="httpEntity" class="org.springframework.http.HttpEntity"/>
    
    <bean id="engineEmissionClient" class="org.springframework.web.client.RestTemplate" >
	 <property name="messageConverters">
            <list>
                <bean class="org.springframework.http.converter.json.MappingJackson2HttpMessageConverter">
                </bean>
            </list>
        </property>
	</bean>
	
	<bean id="epaMachineFormService" class="com.cat.logistics.epa.service.impl.EpaMachineFormService" />
	<bean id="machineDataConverter" class="com.cat.logistics.epa.service.impl.MachineDataConverterEpaImpl"></bean>
	<bean id="engDataBusiness" class="com.cat.logistics.epa.service.impl.EngineDataBusiness"></bean>
	<bean id="autoCompleteService" class="com.cat.logistics.shared.service.impl.AutoCompleteService"/>
	<bean id="serHelper" class="com.cat.logistics.epa.helper.ServiceUtilHelper"/>
	<bean id="engSerValidator" class="com.cat.logistics.epa.helper.EngineServiceValidator"></bean>
	
	<!-- commented to epa batch job <bean id="epaUserService" class="com.cat.logistics.epa.service.impl.EpaUserService" />
	<bean id="epaMachineFormService" class="com.cat.logistics.epa.service.impl.EpaMachineFormService" />
	<bean id="userRoleAccessService" class="com.cat.logistics.epa.service.impl.UserRoleAccessService" />
	<bean id="addUserService" class="com.cat.logistics.epa.service.impl.AddUserService" />
	<bean id="cwsService" class="com.cat.logistics.epa.service.impl.CWSService" />
	<bean id="epaAdminService" class="com.cat.logistics.epa.service.impl.EPAAdminService"/>
	<bean id="autoCompleteService" class="com.cat.logistics.shared.service.impl.AutoCompleteService"/>
	<bean id="configService" class="com.cat.logistics.epa.service.impl.EpaConfigService"></bean>
	<bean id="epaEngineShipmentsService" class="com.cat.logistics.epa.service.impl.EngineService"></bean>
	<bean id="machineDataConverter" class="com.cat.logistics.epa.service.impl.MachineDataConverterEpaImpl"></bean>
	<bean id="engineDataConverter" class="com.cat.logistics.epa.service.impl.EngineDataConverterEpaImpl"></bean>
	<bean id="userDataConverter" class="com.cat.logistics.epa.service.impl.UserDataConverterEpaImpl"></bean>
	<bean id="engSerValidator" class="com.cat.logistics.epa.helper.EngineServiceValidator"></bean>
	<bean id="engDataBusiness" class="com.cat.logistics.epa.service.impl.EngineDataBusiness"></bean>
	<bean id="serviceHelper" class="com.cat.logistics.epa.helper.ServiceUtilHelper"></bean>
	<bean id="epaUserAthService" class="com.cat.logistics.epa.service.impl.EpaUserAthService"></bean>
	
	<bean id="engineEmissionClient" class="org.springframework.web.client.RestTemplate" >
	 <property name="messageConverters">
            <list>
                <bean class="org.springframework.http.converter.json.MappingJacksonHttpMessageConverter">
                </bean>
            </list>
        </property>
	</bean>
	
	<bean id="engineEmissionService" class="com.cat.logistics.epa.service.impl.EngineEmissionService" >
	<property name="userName" value="${engine.emission_user}"/>
	<property name="password" value="${engine.emission_password}"/>
	
	<property name="userName" value="EPA"/>
	<property name="password" value="EPA@GTC2015"/>
	
	</bean>
	
    <bean id="httpHeader" class="org.springframework.http.HttpHeaders"/>
    <bean id="httpEntity" class="org.springframework.http.HttpEntity"/>
     -->
    
</beans>