<?xml version="1.0" encoding="UTF-8"?>
<beans xmlns="http://www.springframework.org/schema/beans"
	xmlns:xsi="http://www.w3.org/2001/XMLSchema-instance"
	xmlns:context="http://www.springframework.org/schema/context"
	xmlns:p="http://www.springframework.org/schema/p"
	xmlns:tx="http://www.springframework.org/schema/tx"
	xmlns:jee="http://www.springframework.org/schema/jee"
	xsi:schemaLocation="
       		http://www.springframework.org/schema/beans 
			http://www.springframework.org/schema/beans/spring-beans-4.0.xsd
			http://www.springframework.org/schema/context
			http://www.springframework.org/schema/context/spring-context-4.0.xsd
			http://www.springframework.org/schema/tx 
		    http://www.springframework.org/schema/tx/spring-tx-4.0.xsd
		    http://www.springframework.org/schema/jee
			http://www.springframework.org/schema/jee/spring-jee.xsd	">

	<!-- Root Context: defines shared resources visible to all other web components -->


	<context:property-placeholder
		location="classpath:${ENVIRONMENT}_EPA_CONFIG.properties"
		ignore-unresolvable="true" />
	<context:annotation-config />

	<bean id="entityManagerFactoryEPA"
		class="org.springframework.orm.jpa.LocalContainerEntityManagerFactoryBean">
		<property name="dataSource" ref="lgtDataSource" />
		<property name="persistenceUnitName" value="epaUnit" />
		<property name="packagesToScan"
			value="com.cat.logistics.epa.entities*" />
		<!-- <property name="packagesToScan" > <array> <value>com.cat.logistics.epa.entities*</value> 
			</array> </property> -->
		<property name="jpaVendorAdapter">
			<bean
				class="org.springframework.orm.jpa.vendor.HibernateJpaVendorAdapter">
				<property name="showSql" value="true" />
				<property name="databasePlatform"
					value="${hibernate.dialect}" />
			</bean>
		</property>
		<property name="jpaProperties">
			<props>
				<!--<prop key="hibernate.hbm2ddl.import_files">${hibernate.hbm2ddl.import_files}</prop> 
					<prop key="hibernate.ejb.naming_strategy">${hibernate.ejb.naming_strategy}</prop> 
					<prop key="hibernate.check_nullability">${hibernate.check_nullability}</prop> -->
				<prop key="org.hibernate.flushMode">COMMIT</prop>
			</props>
		</property>
	</bean>

	<bean id="lgtDataSource"
		class="org.springframework.jdbc.datasource.DriverManagerDataSource">
		<property name="driverClassName"
			value="oracle.jdbc.driver.OracleDriver" />
		<property name="url" value="${lgtDataSource.url}" />
		<property name="username" value="${lgtDataSource.username}" />
		<property name="password" value="${lgtDataSource.key}" />
	</bean>

	<bean id="entityManagerFactoryTIS"
		class="org.springframework.orm.jpa.LocalContainerEntityManagerFactoryBean">
		<property name="dataSource" ref="tisDataSource" />
		<property name="persistenceUnitName" value="tisUnit" />
		<property name="packagesToScan"
			value="com.cat.logistics.tis.entities*" />
		<!-- <property name="packagesToScan" > <array> <value>com.cat.logistics.tis.entities*</value> 
			</array> </property> -->
		<property name="jpaVendorAdapter">
			<bean
				class="org.springframework.orm.jpa.vendor.HibernateJpaVendorAdapter">
				<property name="showSql" value="${hibernate.show_sql}" />
				<property name="databasePlatform"
					value="${hibernate.db2.dialect}" />
			</bean>
		</property>
		<property name="jpaProperties">
			<props>
				<!--<prop key="hibernate.hbm2ddl.import_files">${hibernate.hbm2ddl.import_files}</prop> 
					<prop key="hibernate.ejb.naming_strategy">${hibernate.ejb.naming_strategy}</prop> 
					<prop key="hibernate.check_nullability">${hibernate.check_nullability}</prop> -->
				<prop key="org.hibernate.flushMode">COMMIT</prop>
				<prop key="hibernate.current_session_context_class ">managed</prop>
			</props>
		</property>
	</bean>

	<bean id="tisDataSource"
		class="org.springframework.jdbc.datasource.DriverManagerDataSource">
		<property name="driverClassName"
			value="com.ibm.db2.jcc.DB2Driver" />
		<property name="url" value="${tisDataSource.url}" />
		<property name="username" value="${tisDataSource.username}" />
		<property name="password" value="${tisDataSource.key}" />
	</bean>

	<bean id="entityManagerFactoryOds"
		class="org.springframework.orm.jpa.LocalContainerEntityManagerFactoryBean">
		<property name="dataSource" ref="odsDataSource" />
		<property name="persistenceUnitName" value="odsUnit" />
		<property name="packagesToScan">
			<array>
				<value>com.cat.logistics.ods.entities*</value>
			</array>
		</property>
		<property name="jpaVendorAdapter">
			<bean
				class="org.springframework.orm.jpa.vendor.HibernateJpaVendorAdapter">
				<property name="showSql" value="${hibernate.show_sql}" />
				<property name="databasePlatform"
					value="${hibernate.db2.dialect}" />
			</bean>
		</property>
		<property name="jpaProperties">
			<props>
				<prop key="org.hibernate.flushMode">COMMIT</prop>
				<prop key="hibernate.current_session_context_class ">managed</prop>
			</props>
		</property>

	</bean>

	<bean id="odsDataSource"
		class="org.springframework.jdbc.datasource.DriverManagerDataSource">
		<property name="driverClassName"
			value="com.ibm.db2.jcc.DB2Driver" />
		<property name="url"
			value="jdbc:db2://z1p3gw.cis.cat.com:3700/Z1P3" />
		<property name="username" value="USEPADB2" />
		<property name="password" value="${odsDataSource.key}" />
	</bean>
	<bean id="entityManagerFactoryMdw"
		class="org.springframework.orm.jpa.LocalContainerEntityManagerFactoryBean">
		<property name="dataSource" ref="mdwDataSource" />
		<property name="persistenceUnitName" value="mdwUnit" />
		<property name="packagesToScan">
			<array>
				<value>com.cat.logistics.mdw.entities*</value>
			</array>
		</property>
		<property name="jpaVendorAdapter">
			<bean
				class="org.springframework.orm.jpa.vendor.HibernateJpaVendorAdapter">
				<property name="showSql" value="${hibernate.show_sql}" />
				<property name="databasePlatform"
					value="${hibernate.db2.dialect}" />
			</bean>
		</property>
		<property name="jpaProperties">
			<props>
				<prop key="org.hibernate.flushMode">COMMIT</prop>
				<prop key="hibernate.current_session_context_class ">managed</prop>
			</props>
		</property>
	</bean>

	<bean id="mdwDataSource"
		class="org.springframework.jdbc.datasource.DriverManagerDataSource">
		<property name="driverClassName"
			value="com.ibm.db2.jcc.DB2Driver" />
		<property name="url"
			value="jdbc:db2://z1p1gw.cis.cat.com:3700/Z1P1" />
		<property name="username" value="USEPADB2" />
		<property name="password" value="${mdwDataSource.key}" />
	</bean>
	<tx:annotation-driven
		transaction-manager="transactionManagerEPA" />

	<bean id="transactionManagerEPA"
		class="org.springframework.orm.jpa.JpaTransactionManager">
		<property name="entityManagerFactory"
			ref="entityManagerFactoryEPA" />
	</bean>

	<bean id="transactionManagerTIS"
		class="org.springframework.orm.jpa.JpaTransactionManager">
		<property name="entityManagerFactory"
			ref="entityManagerFactoryTIS" />
		<qualifier value="tis" />
	</bean>
	<tx:annotation-driven />

	<bean name="snowFlakeDAO"
		class="com.cat.logistics.sf.dao.impl.SnowFlakesDAO" />
	<bean name="shipmentDAO"
		class="com.cat.logistics.tis.dao.impl.ShipmentDAO" />
	<bean name="configDataDao"
		class="com.cat.logistics.tis.dao.impl.ConfigDataDAO" />
	<bean name="htsCodesDao"
		class="com.cat.logistics.tis.dao.impl.HTSCodesDAO" />
	<bean name="partSerialDao"
		class="com.cat.logistics.tis.dao.impl.PartSerialNumDAO" />
	<bean name="epaConfigDAO"
		class="com.cat.logistics.epa.dao.impl.EpaConfigDAO" />
	<bean name="dataConfgDAO"
		class="com.cat.logistics.epa.dao.impl.EpaDataConfigDAO" />
	<bean name="epaHtsConfgrDAO"
		class="com.cat.logistics.epa.dao.impl.EpaHtsConfgrDAO" />
	<bean name="excptCfngrDao"
		class="com.cat.logistics.epa.dao.impl.EpaHtsExcpCnfgrDAO" />
	<bean name="epaShipmentDao"
		class="com.cat.logistics.epa.dao.impl.EpaShipmentDAO" />
	<bean name="epaFacilityDAO"
		class="com.cat.logistics.epa.dao.impl.EpaFacilityDAO" />
	<bean name="epaMachineDAO"
		class="com.cat.logistics.epa.dao.impl.EpaMachineDAO" />
	<bean name="epaEngineDAO"
		class="com.cat.logistics.epa.dao.impl.EpaEngineDAO" />
	<bean name="critHelp"
		class="com.cat.logistics.epa.helper.CriteriaHelper" />
	<bean name="mchOdsReadDAO"
		class="com.cat.logistics.ods.dao.impl.OdsReadDAO" />
	<bean name="mdwReadDAO"
		class="com.cat.logistics.mdw.dao.impl.MdwReadDAO" />
	<bean name="epaProvisionDAO"
		class="com.cat.logistics.epa.dao.impl.EpaProvisionTypeDAO" />
	<bean name="epaImportDAO"
		class="com.cat.logistics.epa.dao.impl.EpaImportTypeDAO" />
	<bean name="epaUserDAO"
		class="com.cat.logistics.epa.dao.impl.EpaUserDAO" />
	<bean name="epaUserAthDAO"
		class="com.cat.logistics.epa.dao.impl.EpaUserAthDAO" />
	<bean name="epaStatusDAO"
		class="com.cat.logistics.epa.dao.impl.EpaStatusDAO" />



	<!-- commenting for epa batch Entity Manager Declaration JPA compliance 
		<bean id="entityManagerFactoryEPA" class="org.springframework.orm.jpa.LocalContainerEntityManagerFactoryBean"> 
		<property name="dataSource" ref="lgtDataSource" /> <property name="persistenceUnitName" 
		value="epaUnit" /> <property name="packagesToScan" > <array> <value>com.cat.logistics.epa.entities*</value> 
		</array> </property> <property name="jpaVendorAdapter"> <bean class="org.springframework.orm.jpa.vendor.HibernateJpaVendorAdapter"> 
		<property name="showSql" value="true" /> <property name="databasePlatform" 
		value="${hibernate.dialect}" /> </bean> </property> <property name="jpaProperties"> 
		<props> <prop key="hibernate.hbm2ddl.import_files">${hibernate.hbm2ddl.import_files}</prop> 
		<prop key="hibernate.ejb.naming_strategy">${hibernate.ejb.naming_strategy}</prop> 
		<prop key="hibernate.check_nullability">${hibernate.check_nullability}</prop> 
		<prop key="org.hibernate.flushMode">COMMIT</prop> </props> </property> </bean> 
		<bean id="entityManagerFactoryTPP" class="org.springframework.orm.jpa.LocalContainerEntityManagerFactoryBean"> 
		<property name="dataSource" ref="tppDataSource" /> <property name="persistenceUnitName" 
		value="tppUnit" /> <property name="packagesToScan" > <array> <value>com.cat.logistics.tpp.entities*</value> 
		</array> </property> <property name="jpaVendorAdapter"> <bean class="org.springframework.orm.jpa.vendor.HibernateJpaVendorAdapter"> 
		<property name="showSql" value="${hibernate.show_sql}" /> <property name="databasePlatform" 
		value="${hibernate.db2.dialect}" /> </bean> </property> <property name="jpaProperties"> 
		<props> <prop key="org.hibernate.flushMode">COMMIT</prop> <prop key="hibernate.current_session_context_class 
		">managed</prop> </props> </property> </bean> <bean id="entityManagerFactoryTppTdm" 
		class="org.springframework.orm.jpa.LocalContainerEntityManagerFactoryBean"> 
		<property name="dataSource" ref="tppTdmDataSource" /> <property name="persistenceUnitName" 
		value="tppTdmUnit" /> <property name="packagesToScan" > <array> <value>com.cat.logistics.tpptdm.entities*</value> 
		</array> </property> <property name="jpaVendorAdapter"> <bean class="org.springframework.orm.jpa.vendor.HibernateJpaVendorAdapter"> 
		<property name="showSql" value="${hibernate.show_sql}" /> <property name="databasePlatform" 
		value="${hibernate.dialect}" /> </bean> </property> <property name="jpaProperties"> 
		<props> <prop key="org.hibernate.flushMode">COMMIT</prop> </props> </property> 
		</bean> <bean id="entityManagerFactoryTIS" class="org.springframework.orm.jpa.LocalContainerEntityManagerFactoryBean"> 
		<property name="dataSource" ref="tisDataSource" /> <property name="persistenceUnitName" 
		value="tisUnit" /> <property name="packagesToScan" > <array> <value>com.cat.logistics.tis.entities*</value> 
		</array> </property> <property name="jpaVendorAdapter"> <bean class="org.springframework.orm.jpa.vendor.HibernateJpaVendorAdapter"> 
		<property name="showSql" value="${hibernate.show_sql}" /> <property name="databasePlatform" 
		value="${hibernate.db2.dialect}" /> </bean> </property> <property name="jpaProperties"> 
		<props> <prop key="hibernate.hbm2ddl.import_files">${hibernate.hbm2ddl.import_files}</prop> 
		<prop key="hibernate.ejb.naming_strategy">${hibernate.ejb.naming_strategy}</prop> 
		<prop key="hibernate.check_nullability">${hibernate.check_nullability}</prop> 
		<prop key="org.hibernate.flushMode">COMMIT</prop> <prop key="hibernate.current_session_context_class 
		">managed</prop> </props> </property> </bean> <bean id="entityManagerFactoryOds" 
		class="org.springframework.orm.jpa.LocalContainerEntityManagerFactoryBean"> 
		<property name="dataSource" ref="odsDataSource" /> <property name="persistenceUnitName" 
		value="odsUnit" /> <property name="packagesToScan" > <array> <value>com.cat.logistics.ods.entities*</value> 
		</array> </property> <property name="jpaVendorAdapter"> <bean class="org.springframework.orm.jpa.vendor.HibernateJpaVendorAdapter"> 
		<property name="showSql" value="${hibernate.show_sql}" /> <property name="databasePlatform" 
		value="${hibernate.db2.dialect}" /> </bean> </property> <property name="jpaProperties"> 
		<props> <prop key="org.hibernate.flushMode">COMMIT</prop> <prop key="hibernate.current_session_context_class 
		">managed</prop> </props> </property> </bean> <bean id="entityManagerFactoryMdw" 
		class="org.springframework.orm.jpa.LocalContainerEntityManagerFactoryBean"> 
		<property name="dataSource" ref="mdwDataSource" /> <property name="persistenceUnitName" 
		value="mdwUnit" /> <property name="packagesToScan" > <array> <value>com.cat.logistics.mdw.entities*</value> 
		</array> </property> <property name="jpaVendorAdapter"> <bean class="org.springframework.orm.jpa.vendor.HibernateJpaVendorAdapter"> 
		<property name="showSql" value="${hibernate.show_sql}" /> <property name="databasePlatform" 
		value="${hibernate.db2.dialect}" /> </bean> </property> <property name="jpaProperties"> 
		<props> <prop key="org.hibernate.flushMode">COMMIT</prop> <prop key="hibernate.current_session_context_class 
		">managed</prop> </props> </property> </bean> <bean id="entityManagerFactoryGl" 
		class="org.springframework.orm.jpa.LocalContainerEntityManagerFactoryBean"> 
		<property name="dataSource" ref="glDataSource" /> <property name="persistenceUnitName" 
		value="achUnit" /> <property name="packagesToScan"> <array> <value>com.cat.logistics.ach.entities*</value> 
		<value>com.cat.logistics.intl.entities*</value> </array> </property> <property 
		name="jpaVendorAdapter"> <bean class="org.springframework.orm.jpa.vendor.HibernateJpaVendorAdapter"> 
		<property name="showSql" value="${hibernate.show_sql}" /> <property name="databasePlatform" 
		value="${hibernate.dialect}" /> </bean> </property> <property name="jpaProperties"> 
		<props> <prop key="hibernate.hbm2ddl.import_files">${hibernate.hbm2ddl.import_files}</prop> 
		<prop key="hibernate.ejb.naming_strategy">${hibernate.ejb.naming_strategy}</prop> 
		<prop key="hibernate.check_nullability">${hibernate.check_nullability}</prop> 
		<prop key="org.hibernate.flushMode">COMMIT</prop> </props> </property> </bean> 
		<bean id="entityManagerFactoryTISGl" class="org.springframework.orm.jpa.LocalContainerEntityManagerFactoryBean"> 
		<property name="dataSource" ref="glTISDataSource" /> <property name="persistenceUnitName" 
		value="achTISUnit" /> <property name="packagesToScan" > <array> <value>com.cat.logistics.ach.entities*</value> 
		</array> </property> <property name="jpaVendorAdapter"> <bean class="org.springframework.orm.jpa.vendor.HibernateJpaVendorAdapter"> 
		<property name="showSql" value="${hibernate.show_sql}" /> <property name="databasePlatform" 
		value="${hibernate.db2.dialect}" /> </bean> </property> <property name="jpaProperties"> 
		<props> <prop key="hibernate.hbm2ddl.import_files">${hibernate.hbm2ddl.import_files}</prop> 
		<prop key="hibernate.ejb.naming_strategy">${hibernate.ejb.naming_strategy}</prop> 
		<prop key="hibernate.check_nullability">${hibernate.check_nullability}</prop> 
		<prop key="org.hibernate.flushMode">COMMIT</prop> <prop key="hibernate.current_session_context_class 
		">managed</prop> </props> </property> </bean> <bean id ="tppDataSource" class="org.springframework.jdbc.datasource.DriverManagerDataSource"> 
		<property name="driverClassName" value="oracle.jdbc.driver.OracleDriver" 
		/> <property name="url" value="jdbc:oracle:thin:@arlclsoraq03.lrd.cat.com:1521/CLSDEV02" 
		/> <property name="username" value="WIP_APP" /> <property name="password" 
		value="wipapp12" /> </bean> <bean id ="tppTdmDataSource" class="org.springframework.jdbc.datasource.DriverManagerDataSource"> 
		<property name="driverClassName" value="oracle.jdbc.driver.OracleDriver" 
		/> <property name="url" value="jdbc:oracle:thin:@arlclsoraq01.lrd.cat.com:1521:TDMSTGD1" 
		/> <property name="username" value="WIP_PPM" /> <property name="password" 
		value="wipppm01" /> </bean> data source spring <bean id="lgtDataSource" class="org.springframework.jdbc.datasource.DriverManagerDataSource" 
		p:driverClassName="${dataSource.driver}" p:url="${dataSource.url}" p:username="${dataSource.user}" 
		p:password="${dataSource.password}"/> <bean id ="lgtDataSource" class="org.springframework.jdbc.datasource.DriverManagerDataSource"> 
		<property name="driverClassName" value="oracle.jdbc.driver.OracleDriver" 
		/> <property name="url" value="jdbc:oracle:thin:@arlclsoraq03.lrd.cat.com:1521/CLSDEV02" 
		/> <property name="username" value="EPA_APP" /> <property name="password" 
		value="pwepaapp1" /> </bean> <bean id ="tisDataSource" class="org.springframework.jdbc.datasource.DriverManagerDataSource"> 
		<property name="driverClassName" value="com.ibm.db2.jcc.DB2Driver" /> <property 
		name="url" value="jdbc:db2://z1p9gw.cis.cat.com:3700/Z1P9" /> <property name="username" 
		value="TISSCRN1" /> <property name="password" value="CR2@SSAZ" /> </bean> 
		<bean id ="tisDataSource" class="org.springframework.jdbc.datasource.DriverManagerDataSource"> 
		<property name="driverClassName" value="com.ibm.db2.jcc.DB2Driver" /> <property 
		name="url" value="jdbc:db2://z1q1gw.cis.cat.com:3700/Z1Q1" /> <property name="username" 
		value="TISSCRN1" /> <property name="password" value="CR2@SSAZ" /> </bean> 
		<bean id ="odsDataSource" class="org.springframework.jdbc.datasource.DriverManagerDataSource"> 
		<property name="driverClassName" value="com.ibm.db2.jcc.DB2Driver" /> <property 
		name="url" value="jdbc:db2://z1p3gw.cis.cat.com:3700/Z1P3" /> <property name="username" 
		value="USEPADB2" /> <property name="password" value="GTC@CR67" /> </bean> 
		<bean id="mdwDataSource" class="org.springframework.jdbc.datasource.DriverManagerDataSource"> 
		<property name="driverClassName" value="com.ibm.db2.jcc.DB2Driver" /> <property 
		name="url" value="jdbc:db2://z1p1gw.cis.cat.com:3700/Z1P1" /> <property name="username" 
		value="USEPADB2" /> <property name="password" value="GTC@CR67" /> </bean> 
		change username and password to application id <bean id ="glDataSource" class="org.springframework.jdbc.datasource.DriverManagerDataSource"> 
		<property name="driverClassName" value="oracle.jdbc.driver.OracleDriver" 
		/> <property name="url" value="jdbc:oracle:thin:@arlclsoraq03.lrd.cat.com:1521/CLSDEV02" 
		/> <property name="username" value="GL_APP" /> <property name="password" 
		value="glapp123" /> </bean> <bean id ="glTISDataSource" class="org.springframework.jdbc.datasource.DriverManagerDataSource"> 
		<property name="driverClassName" value="com.ibm.db2.jcc.DB2Driver" /> <property 
		name="url" value="jdbc:db2://z1u2gw.cis.cat.com:3700/Z1U2" /> <property name="username" 
		value="ACHBTCH1" /> <property name="password" value="CL@kZ4EV" /> </bean> 
		<bean id="lgtDataSource" class="cat.cis.tuf.server.connector.jdbc.PoolManagerDataSource"> 
		<property name="poolName" value="EPAPOOL" /> </bean> <jee:jndi-lookup id="lgtDataSource" 
		jndi-name="jdbc/DEV" cache="true" expected-type="javax.sql.DataSource"/> 
		<tx:annotation-driven transaction-manager="transactionManagerEPA"/> <tx:annotation-driven 
		transaction-manager="transactionManagerGl"/> <tx:annotation-driven transaction-manager="transactionManagerTPP"/> 
		<tx:annotation-driven transaction-manager="transactionManagerTppTdm"/> <bean 
		id="transactionManagerEPA" class="org.springframework.orm.jpa.JpaTransactionManager"> 
		<property name="entityManagerFactory" ref="entityManagerFactoryEPA" /> </bean> 
		<bean id="transactionManagerTIS" class="org.springframework.orm.jpa.JpaTransactionManager"> 
		<property name="entityManagerFactory" ref="entityManagerFactoryTIS" /> <qualifier 
		value="tis"/> </bean> <bean id="transactionManagerGl" class="org.springframework.orm.jpa.JpaTransactionManager"> 
		<property name="entityManagerFactory" ref="entityManagerFactoryGl" /> </bean> 
		<bean id="transactionManagerGlTIS" class="org.springframework.orm.jpa.JpaTransactionManager"> 
		<property name="entityManagerFactory" ref="entityManagerFactoryTISGl" /> 
		</bean> <bean id="transactionManagerFTA" class="org.springframework.orm.jpa.JpaTransactionManager"> 
		<property name="entityManagerFactory" ref="entityManagerFTA" /> </bean> <bean 
		id="transactionManagerTPP" class="org.springframework.orm.jpa.JpaTransactionManager"> 
		<property name="entityManagerFactory" ref="entityManagerFactoryTPP" /> </bean> 
		<bean id="transactionManagerTppTdm" class="org.springframework.orm.jpa.JpaTransactionManager"> 
		<property name="entityManagerFactory" ref="entityManagerFactoryTppTdm" /> 
		</bean> <tx:annotation-driven/> <bean name="epaUserDAO" class="com.cat.logistics.epa.dao.impl.EpaUserDAO" 
		/> <bean name="epaShipmentDao" class="com.cat.logistics.epa.dao.impl.EpaShipmentDAO" 
		/> <bean name="epaAthLvlDAO" class="com.cat.logistics.epa.dao.impl.EpaAthLvlDAO" 
		/> <bean name="epaFacilityDAO" class="com.cat.logistics.epa.dao.impl.EpaFacilityDAO" 
		/> <bean name="epaUserAthDAO" class="com.cat.logistics.epa.dao.impl.EpaUserAthDAO" 
		/> <bean name="epaImportDAO" class="com.cat.logistics.epa.dao.impl.EpaImportTypeDAO" 
		/> <bean name="epaProvisionDAO" class="com.cat.logistics.epa.dao.impl.EpaProvisionTypeDAO" 
		/> <bean name="userRoleAccessDAO" class="com.cat.logistics.epa.dao.impl.UserRoleAccessDAO" 
		/> <bean name="epaHtsConfgrDAO" class="com.cat.logistics.epa.dao.impl.EpaHtsConfgrDAO" 
		/> bean name="tisDAO" class="com.cat.logistics.tis.dao.impl.TISDao"/ <bean 
		name="epaStatusDAO" class="com.cat.logistics.epa.dao.impl.EpaStatusDAO" /> 
		<bean name="epaEngineDAO" class="com.cat.logistics.epa.dao.impl.EpaEngineDAO" 
		/> <bean name="mchOdsReadDAO" class="com.cat.logistics.ods.dao.impl.OdsReadDAO" 
		/> <bean name="mdwReadDAO" class="com.cat.logistics.mdw.dao.impl.MdwReadDAO" 
		/> <bean name="epaConfigDAO" class="com.cat.logistics.epa.dao.impl.EpaConfigDAO" 
		/> <bean name="epaMachineDAO" class="com.cat.logistics.epa.dao.impl.EpaMachineDAO" 
		/> <bean name="excptCfngrDao" class="com.cat.logistics.epa.dao.impl.EpaHtsExcpCnfgrDAO" 
		/> <bean name="shipmentDAO" class="com.cat.logistics.tis.dao.impl.ShipmentDAO" 
		/> <bean name="configDataDao" class="com.cat.logistics.tis.dao.impl.ConfigDataDAO" 
		/> <bean name="htsCodesDao" class="com.cat.logistics.tis.dao.impl.HTSCodesDAO" 
		/> <bean name="partSerialDao" class="com.cat.logistics.tis.dao.impl.PartSerialNumDAO" 
		/> <bean name="critHelp" class="com.cat.logistics.epa.helper.CriteriaHelper" 
		/> <bean name="dataConfgDAO" class="com.cat.logistics.epa.dao.impl.EpaDataConfigDAO" 
		/> <bean name="pmtAllocDAO" class="com.cat.logistics.ach.dao.impl.PaymentAllocationDAO"/> 
		<bean name="facCtrlAcctDAO" class="com.cat.logistics.ach.dao.impl.FacilityControlAccountDAO" 
		/> <bean name="configDAO" class="com.cat.logistics.ach.dao.impl.ConfigurationDAO" 
		/> <bean name="facJrnlEntryDAO" class="com.cat.logistics.ach.dao.impl.FacilityJournalEntryDAO" 
		/> <bean id="glBatchProcessDao" class="com.cat.logistics.intl.dao.impl.BatchAppLogDAO" 
		/> <bean id="ftaSolctCnfgrDAO" class="com.cat.logistics.fta.dao.impl.FtaSolctCnfgrDAO"/> 
		<bean id="suppTDAO" class="com.cat.logistics.tis.dao.impl.SuppTDAO"/> <bean 
		id="partsSolctDAO" class="com.cat.logistics.fta.dao.impl.PartsSolctDAO"/> 
		<bean id="dutyRateRepDAO" class="com.cat.logistics.fta.dao.impl.DutyRateRepDAO"/> 
		<bean id="ctryDAO" class="com.cat.logistics.tis.dao.impl.CtryDAO"/> <bean 
		id="entityManagerFTA" class="org.springframework.orm.jpa.LocalContainerEntityManagerFactoryBean"> 
		<property name="dataSource" ref="ftadataSource" /> <property name="persistenceUnitName" 
		value="ftaUnit" /> <property name="packagesToScan" > <array> <value>com.cat.logistics.fta.entities*</value> 
		</array> </property> <property name="jpaVendorAdapter"> <bean class="org.springframework.orm.jpa.vendor.HibernateJpaVendorAdapter"> 
		<property name="showSql" value="${hibernate.show_sql}" /> <property name="databasePlatform" 
		value="${hibernate.db2.dialect}" /> </bean> </property> <property name="jpaProperties"> 
		<props> <prop key="org.hibernate.flushMode">COMMIT</prop> <prop key="hibernate.current_session_context_class 
		">managed</prop> </props> </property> </bean> <bean id="entityManagerTISFTA" 
		class="org.springframework.orm.jpa.LocalContainerEntityManagerFactoryBean"> 
		<property name="dataSource" ref="tisftadataSource" /> <property name="persistenceUnitName" 
		value="tisftaUnit" /> <property name="packagesToScan" > <array> <value>com.cat.logistics.tis.entities*</value> 
		</array> </property> <property name="jpaVendorAdapter"> <bean class="org.springframework.orm.jpa.vendor.HibernateJpaVendorAdapter"> 
		<property name="showSql" value="${hibernate.show_sql}" /> <property name="databasePlatform" 
		value="${hibernate.db2.dialect}" /> </bean> </property> <property name="jpaProperties"> 
		<props> <prop key="org.hibernate.flushMode">COMMIT</prop> <prop key="hibernate.current_session_context_class 
		">managed</prop> </props> </property> </bean> <bean id="transactionManagerImportsLWQ" 
		class="org.springframework.orm.jpa.JpaTransactionManager"> <property name="entityManagerFactory" 
		ref="entityManagerImportsLWQ" /> </bean> <bean id="entityManagerImportsLWQ" 
		class="org.springframework.orm.jpa.LocalContainerEntityManagerFactoryBean"> 
		<property name="dataSource" ref="importsLwqDataSource" /> <property name="persistenceUnitName" 
		value="importsLwqUnit" /> <property name="packagesToScan" > <array> <value>com.cat.logistics.importslwq.entities*</value> 
		</array> </property> <property name="jpaVendorAdapter"> <bean class="org.springframework.orm.jpa.vendor.HibernateJpaVendorAdapter"> 
		<property name="showSql" value="${hibernate.show_sql}" /> <property name="databasePlatform" 
		value="${hibernate.db2.dialect}" /> </bean> </property> <property name="jpaProperties"> 
		<props> <prop key="org.hibernate.flushMode">COMMIT</prop> <prop key="hibernate.current_session_context_class 
		">managed</prop> </props> </property> </bean> <bean name="ftadataSource" 
		class="org.springframework.jdbc.datasource.DriverManagerDataSource"> <property 
		name="driverClassName" value="oracle.jdbc.driver.OracleDriver" /> <property 
		name="url" value="jdbc:oracle:thin:@arlclsoraq03.lrd.cat.com:1521/CLSDEV02" 
		/> <property name="username" value="FTA_SOLICIT_APP" /> <property name="password" 
		value="FTA_SOLICIT_APP123" /> </bean> <bean id ="tisftadataSource" class="org.springframework.jdbc.datasource.DriverManagerDataSource"> 
		<property name="driverClassName" value="com.ibm.db2.jcc.DB2Driver" /> <property 
		name="url" value="jdbc:db2://z1u2gw.cis.cat.com:3700/Z1U2" /> <property name="username" 
		value="FTASLDB2" /> <property name="password" value="SUQB8#ZT" /> </bean> 
		<bean name="importsLwqDataSource" class="org.springframework.jdbc.datasource.DriverManagerDataSource"> 
		<property name="driverClassName" value="oracle.jdbc.driver.OracleDriver" 
		/> <property name="url" value="jdbc:oracle:thin:@arlclsoraq03.lrd.cat.com:1521/CLSDEV02" 
		/> <property name="username" value="GTC_LWQ_APP" /> <property name="password" 
		value="pw4gtcac!ach!sep2018" /> </bean> <bean id="ppmFrcstDtlDAO" class="com.cat.logistics.tpp.dao.impl.PpmFrcstDtlDAO"></bean> 
		<bean id="regionDAO" class="com.cat.logistics.tpp.dao.impl.RegionDAO"></bean> 
		<bean id="deskDAO" class="com.cat.logistics.tpp.dao.impl.DeskDAO"></bean> 
		<bean id="statusDAO" class="com.cat.logistics.tpp.dao.impl.StatusDAO"></bean> 
		<bean id="countryOfloadDAO" class="com.cat.logistics.tpp.dao.impl.CountryOfLoadDAO"></bean> 
		<bean id="transportModeDAO" class="com.cat.logistics.tpp.dao.impl.TransportModeDAO"></bean> 
		<bean id="frcstdDomCtgryDAO" class="com.cat.logistics.tpp.dao.impl.FrcstdDomCtgryDAO"></bean> 
		<bean id="noteCodeDAO" class="com.cat.logistics.tpp.dao.impl.NoteCodeDAO"></bean> 
		<bean id="fieldConfigDAO" class="com.cat.logistics.tpp.dao.impl.FieldConfigDAO" 
		/> <bean id="fieldDAO" class="com.cat.logistics.tpp.dao.impl.FieldDAO"></bean> 
		<bean id="ppmCntrDtlDAO" class="com.cat.logistics.tpp.dao.impl.PpmCntrDtlDAO"></bean> 
		<bean id="regionConfigDAO" class="com.cat.logistics.tpp.dao.impl.RegionConfigDAO"></bean> 
		<bean id="ppmShpDAO" class="com.cat.logistics.tpp.dao.impl.PpmShpDAO"></bean> 
		<bean id="ppmShpHstDAO" class="com.cat.logistics.tpp.dao.impl.PpmShpHstDAO"></bean> 
		<bean id="ppmCmntDAO" class="com.cat.logistics.tpp.dao.impl.PpmCmntDAO"></bean> 
		<bean id="ppmRlseDetDAO" class="com.cat.logistics.tpp.dao.impl.PpmRlseDetDAO"></bean> 
		<bean id="genericReportDAO" class="com.cat.logistics.tpp.dao.impl.GenericReportDAO"></bean> 
		<bean id="ppmBookDtlDAO" class="com.cat.logistics.tpp.dao.impl.PpmBookDetDAO"></bean> 
		<bean id="lwqCnfgrDAO" class="com.cat.logistics.importslwq.dao.impl.LwqCnfgrDAOImpl"/> 
		<bean id="transactionManagerACEHdr" class="org.springframework.orm.jpa.JpaTransactionManager"> 
		<property name="entityManagerFactory" ref="entityManagerACE" /> </bean> <bean 
		id="entityManagerACE" class="org.springframework.orm.jpa.LocalContainerEntityManagerFactoryBean"> 
		<property name="dataSource" ref="aceDataSource" /> <property name="persistenceUnitName" 
		value="aceUnit" /> <property name="packagesToScan" > <array> <value>com.cat.logistics.importslwq.entities*</value> 
		</array> </property> <property name="jpaVendorAdapter"> <bean class="org.springframework.orm.jpa.vendor.HibernateJpaVendorAdapter"> 
		<property name="showSql" value="${hibernate.show_sql}" /> <property name="databasePlatform" 
		value="${hibernate.db2.dialect}" /> </bean> </property> <property name="jpaProperties"> 
		<props> <prop key="org.hibernate.flushMode">COMMIT</prop> <prop key="hibernate.current_session_context_class 
		">managed</prop> </props> </property> </bean> <bean id ="aceDataSource" class="org.springframework.jdbc.datasource.DriverManagerDataSource"> 
		<property name="driverClassName" value="oracle.jdbc.driver.OracleDriver" 
		/> <property name="url" value="jdbc:oracle:thin:@arlclsoraq03.lrd.cat.com:1521/CLSST02" 
		/> <property name="username" value="ACE_APP" /> <property name="password" 
		value="aceeii#952017" /> </bean> <bean id="aceMassUpldDAO" class="com.cat.logistics.aceportal.dao.impl.ACEPortalMassUpldDAOImpl"/> 
		<bean id ="prdctETATdmDwDataSource" class="org.springframework.jdbc.datasource.DriverManagerDataSource"> 
		<property name="driverClassName" value="oracle.jdbc.driver.OracleDriver" 
		/> <property name="url" value="jdbc:oracle:thin:@arlclsoraq01.lrd.cat.com:1521/TDMDWT1" 
		/> <property name="username" value="tdm_app" /> <property name="password" 
		value="tdmapp123" /> </bean> <tx:annotation-driven transaction-manager="transactionManagerPrdctETATdmDw" 
		/> <bean id="transactionManagerPrdctETATdmDw" class="org.springframework.orm.jpa.JpaTransactionManager"> 
		<property name="entityManagerFactory" ref="entityManagerPrdctETATdmDw" /> 
		</bean> <tx:annotation-driven /> <bean id="entityManagerPrdctETATdmDw" class="org.springframework.orm.jpa.LocalContainerEntityManagerFactoryBean"> 
		<property name="dataSource" ref="prdctETATdmDwDataSource" /> <property name="persistenceUnitName" 
		value="prdctETATdmDwUnit" /> <property name="packagesToScan"> <array> <value>com.cat.logistics.predictiveeta.entities*</value> 
		</array> </property> <property name="jpaVendorAdapter"> <bean class="org.springframework.orm.jpa.vendor.HibernateJpaVendorAdapter"> 
		<property name="showSql" value="${hibernate.show_sql}" /> <property name="databasePlatform" 
		value="${hibernate.db2.dialect}" /> </bean> </property> <property name="jpaProperties"> 
		<props> <prop key="org.hibernate.flushMode">COMMIT</prop> <prop key="hibernate.current_session_context_class 
		">managed</prop> </props> </property> </bean> <bean id="prdctETATdmStgDataSource" 
		class="org.springframework.jdbc.datasource.DriverManagerDataSource"> <property 
		name="driverClassName" value="oracle.jdbc.driver.OracleDriver" /> <property 
		name="url" value="jdbc:oracle:thin:@arlclsoraq01.lrd.cat.com:1521/TDMSTGT1" 
		/> <property name="username" value="lwq_app" /> <property name="password" 
		value="lwqapp12" /> </bean> <tx:annotation-driven transaction-manager="transactionManagerPrdctETATdmStg" 
		/> <bean id="transactionManagerPrdctETATdmStg" class="org.springframework.orm.jpa.JpaTransactionManager"> 
		<property name="entityManagerFactory" ref="entityManagerPrdctETATdmStg" /> 
		</bean> <tx:annotation-driven /> <bean id="entityManagerPrdctETATdmStg" class="org.springframework.orm.jpa.LocalContainerEntityManagerFactoryBean"> 
		<property name="dataSource" ref="prdctETATdmStgDataSource" /> <property name="persistenceUnitName" 
		value="prdctETATdmStgUnit" /> <property name="packagesToScan"> <array> <value>com.cat.logistics.predictiveeta.entities*</value> 
		</array> </property> <property name="jpaVendorAdapter"> <bean class="org.springframework.orm.jpa.vendor.HibernateJpaVendorAdapter"> 
		<property name="showSql" value="${hibernate.show_sql}" /> <property name="databasePlatform" 
		value="${hibernate.db2.dialect}" /> </bean> </property> <property name="jpaProperties"> 
		<props> <prop key="org.hibernate.flushMode">COMMIT</prop> <prop key="hibernate.current_session_context_class 
		">managed</prop> </props> </property> </bean> <bean id="prTrsmtTmDAO" class="com.cat.logistics.predictiveeta.dao.impl.PrdctTrsmtTmDAOImpl" 
		/> -->


</beans>
